{"val_loss": [0.9603724479675293, 0.8514160513877869, 0.8302515149116516, 0.9121278524398804, 0.8574115037918091, 0.8070653676986694, 0.8844035863876343, 0.9367369413375854, 0.853811502456665, 0.8707751035690308], "val_dice_coefficient": [0.08464903384447098, 0.15225990116596222, 0.1337546706199646, 0.12978337705135345, 0.1663970798254013, 0.13577108085155487, 0.12310544401407242, 0.11472233384847641, 0.10508818924427032, 0.1326899379491806], "loss": [0.8599369108676911, 0.7361910790205002, 0.6734873920679092, 0.632216015458107, 0.6036230474710464, 0.5737340122461319, 0.5531013131141662, 0.5237847000360489, 0.524879914522171, 0.5183896064758301], "dice_coefficient": [0.14006308, 0.2638089, 0.32651263, 0.36778396, 0.39637694, 0.426266, 0.4468987, 0.47621536, 0.47512007, 0.4816104]}