{"val_loss": [0.7966043949127197, 0.5388891100883484, 0.6386767029762268, 0.6196720004081726, 0.637687087059021, 0.6065564155578613, 0.5705162882804871, 0.5277068018913269, 0.6550272703170776, 0.6129450798034668], "val_dice_coefficient": [0.19617080688476562, 0.3389194905757904, 0.4133668541908264, 0.38055315613746643, 0.4021790027618408, 0.4093828797340393, 0.4653884768486023, 0.45376309752464294, 0.3632991909980774, 0.45361652970314026], "loss": [0.8455275356769562, 0.48550752401351926, 0.36309478580951693, 0.3104190409183502, 0.26113878190517426, 0.20055742859840392, 0.18320711851119995, 0.18171225488185883, 0.1787464827299118, 0.16715486645698546], "dice_coefficient": [0.15447247, 0.51449245, 0.6369052, 0.6895809, 0.73886126, 0.7994426, 0.8167928, 0.81828773, 0.8212535, 0.8328451]}